temp,pressure,cycle_time,vibration,humidity,defect
185.75675166640627,103.12243267942948,39.955769134578276,6.920746469585287,60.44011556833157,0
245.03745603926762,110.92571899054076,39.54498954923388,3.6174305734421743,49.7666990663268,0
212.18015055862244,100.18356918619794,35.15488561789396,3.1416576142635964,48.94800179693867,0
208.95240236526445,80.88378718880435,43.12662570026988,6.460266737440898,64.18745351525432,0
175.45221449352724,81.82090942712003,52.94847021772512,3.9928977385388484,65.58023893712053,0
192.10791929664717,96.4705820395183,44.38369036898012,4.690628472163592,53.5458122396291,0
236.7405586862251,74.77978971152967,38.70334987821704,1.2828098237841727,42.55497764512923,0
181.5770114485499,80.41899482185379,36.79774328996552,5.273310069475446,49.94191955557794,0
225.89559433572452,74.25784989662152,52.00806885792856,4.970530643003199,56.096385767715496,0
221.4815853354025,88.53086849529377,43.36180557591817,4.930734309996589,44.03864043945421,0
191.1691986051321,74.87317630403784,38.4509075064942,6.084978680844945,47.54458043715798,0
187.32834476489975,131.23720288196964,33.562511694283714,4.15827814534334,50.338549782445426,0
211.92086451249386,129.70184139949023,40.69707118736366,6.043024243806735,54.18640592043437,0
204.29009906780985,114.70298634167668,43.375250874126316,8.615148765903164,36.30606828201151,0
173.09820416778717,130.36413569321655,38.94429634216396,5.598128479962936,55.718894421990655,0
241.17983957039954,96.9176693867733,37.291363576080656,4.9364815231047725,71.50184145689272,0
199.510698293547,100.6047253853023,43.299104895656136,3.8150149577786427,48.58509281761825,0
191.80239197181618,116.58475761236562,43.10782662792587,4.981112004270992,51.87867430283373,0
189.45320687296086,95.17164779079371,41.049042259696556,4.79229336206104,63.410202131913124,0
199.6464683555746,115.84252206590111,40.491300457057726,5.468224017122045,42.0273744072782,0
155.39275940080978,114.59189274353086,38.27096925359646,5.4054269485820114,47.39177742369875,0
207.25608398335248,108.77023032238668,42.30230770480633,8.345559530916242,55.66809217578994,0
208.47126349880253,60.963231710180196,45.761268798006654,5.990757585752246,56.2315892495112,0
204.50630363694194,85.72983220569654,37.874360967813224,6.9532921875034575,50.22486152229259,0
195.33986719588344,115.34375537857643,35.072556265523055,6.214471424691584,53.77835205781002,0
217.62534432130022,132.46430187705366,34.10881746167791,2.1502146017598194,46.524138037288445,0
211.3450400660266,89.79878148471005,38.07016509969819,4.650343238111554,44.83866802242504,0
169.20785978355417,121.40418052646656,41.10256324024167,5.712246080453539,57.21048949855384,0
178.2537562944869,114.20587182509252,35.531759367404106,5.930461179707322,57.056877450286436,0
237.54448863493724,118.15808409624572,27.58764587157853,2.253095202502325,54.86532788867592,0
163.56578814180375,119.9774987583158,33.76155879269629,5.279084116761201,60.21856486637368,0
206.7939926542841,113.5383188787882,41.97977849629076,2.790508967175385,72.39982312765636,0
211.32295377372398,88.48002699173394,33.35037765832925,5.07402320763634,49.136897102132934,0
197.2389463722953,93.67421560020738,27.123314312451452,6.53957475841678,47.510614458608416,0
220.24414211407682,99.21433761703068,43.634465599717934,5.7592055647044065,49.91898085776621,0
218.2270854913422,94.80080953524099,36.639223089014536,4.06463011044638,35.06204999527819,0
223.29546165715794,100.60956243950362,41.86199404058263,4.3203690779936315,57.80273436981808,0
218.0932493037277,100.74575073226775,38.532697629365444,5.1151497600897065,48.051548089199486,0
221.7577706234095,89.16373165770798,36.81147824899986,1.678483613807781,66.71499029806549,0
220.42212741863037,102.47072457162112,40.49589491139799,7.419606652101059,51.256105127332795,0
183.69590700987175,113.69699465234716,41.53195536567452,5.472188920980592,57.79536398170655,0
211.95827133937254,97.57297928911682,46.882899989316904,1.8206710412037346,53.67024300141616,0
184.98602700164807,90.45814344975167,43.323414775310496,5.0457471539615435,37.85869529922291,0
178.7221887380647,91.24576581970095,34.322691796253395,3.843389440404918,49.99344936384367,0
204.892956574409,93.5423135541441,34.772068365255365,3.9085241887946545,50.52104986605363,0
186.83717197330853,67.35743600289936,40.985961269542884,5.110433800209842,43.61013762494264,0
122.96532781958851,96.74615977910409,37.275124913367954,5.294504143489586,55.84365065278191,0
203.70354543078258,97.05885039588506,46.23601270488524,3.7842269515342464,52.29006488783407,0
202.11816199760503,103.29505114004031,44.6564021722957,5.963459020692714,60.36786042817427,0
199.84010955865168,139.45474151408143,44.369247301573104,5.971829466120887,51.293556879196395,0
221.63063325638458,132.39433733578204,47.9306491805726,6.0668395585205035,55.49321067048714,0
187.19295017709157,109.62019145177032,41.51592690619585,5.666244254793082,29.976345488350226,0
199.9565555196964,78.27793807582005,46.05219253046373,4.5044198869642225,42.474319681276135,0
211.5690954680541,73.32294098071493,33.60066118457925,7.137564998704594,45.10848797951718,0
225.5286788071142,87.80724317845086,37.7508134587401,4.958632977065505,37.17216957148309,0
222.9307382118695,83.00482666493934,37.627166286494756,2.498711490486489,47.64060681040215,0
216.7553936602044,95.53468077343689,42.65354723139233,3.7556121067165398,43.08484144376459,0
205.21682077143782,110.06258199214157,46.336229541886865,4.589020559879365,33.5593227520319,0
237.69450802811775,78.60692482246047,48.98766464805596,2.4817559100506887,39.610389935358604,1
195.25768851330685,97.70303796479222,37.13922890560354,7.515311461550544,43.777232399137525,0
188.10206237747934,117.56649770939329,43.900690829738316,3.5827431430465433,58.670005278623194,0
184.5171415261366,105.73420823220177,38.06969539959686,1.9320082624591786,70.32823898779391,0
188.18988724322546,92.2667160888622,44.23176739698706,4.6283222100210395,66.31924987356504,0
221.28410747295936,123.68314533222454,40.90365890048129,5.66931086838377,65.28551885608344,0
225.15406443451704,93.75012767320793,39.066197616984134,7.326291354859775,47.578326307597045,0
210.5921873487447,94.98102822863596,38.207509552238974,7.258466424558636,52.361708238469475,0
169.13515061695847,111.17343800274055,37.526285839787285,3.3289551016293433,34.682101906225896,0
189.03999901875045,76.9502652270058,40.32623176172001,2.924179126802358,55.64270474609093,0
183.8040997910415,95.94050167117513,48.04489130931579,4.222128517586587,41.779913287756884,0
221.83661262031643,94.70505071284758,30.670098209836247,8.420702319911305,39.01403780981747,0
195.71726144850973,91.43783420580561,43.55784358658675,5.135938714846464,55.808109966211376,0
204.11060754449005,114.9051782585737,45.01814870705117,5.3532885207064895,62.75808652866349,0
194.62826041734886,108.19298805828414,32.67271342377901,5.314368184186566,39.84673606287186,0
190.41816691798064,94.0411940651997,40.2978734803527,6.842639087830703,59.32186179711332,0
210.82615784292582,73.53321357491357,31.08694858364156,6.98803225952705,49.201211357771754,0
181.8974218223503,90.98495615848168,42.973901328638945,5.080170870115035,51.26072299369459,0
175.03642259123677,104.03727859404398,44.10054593491369,5.20431726509243,44.08876917754569,0
208.8279643233018,103.90818123298266,36.339008836030104,3.780614528526381,50.31144393713262,0
186.1149626824446,109.06197979871132,48.160388526553035,4.528933921406378,49.17128262418658,0
228.39189950855388,116.00940496029973,39.767896576100256,6.647324487886885,57.725808607035,0
200.7425276497509,108.93811148707248,34.410481293457,2.9735061797021594,51.163204219904515,0
174.47237425819185,107.87179143065238,38.19304717276285,5.815266547312138,56.49342754791463,0
215.01422589075923,82.05004376973957,44.24463993558112,4.8575630608330576,48.563431836096726,0
173.67838907910397,99.9339811326192,35.94026114709919,2.9770647017252863,51.36240739533689,0
212.77543876965595,99.94928136675097,37.74035530703983,4.2576099213427465,64.16890760869794,0
199.75736164902654,119.87195268816133,37.65339934929154,3.737398125029439,38.93730435753161,0
202.86505436863857,110.48700865065658,41.919018077016204,6.055209808266341,44.84838021807295,0
237.0877636423087,60.0179697464936,37.275848146684126,2.9569092240676786,46.28419834468388,0
188.88486384074378,113.13349474773803,39.53260978743174,4.487538776843717,52.418465055414345,0
179.30558376697996,124.96890890736844,45.72646365534956,3.114184106027387,49.761950670217196,0
185.8705886228404,107.25674521559657,35.34097091045991,4.967660642923206,52.99684029435674,0
187.8115610228758,87.60789727871168,42.52976214318052,3.0675096159231625,39.18245010851017,0
229.13597828452203,86.11570443319873,45.12966286680978,7.112162290214225,40.27967966048789,0
228.73102979309232,90.43500851872771,37.344538340084,5.9956769397747856,37.68226064761823,0
195.8219208806605,115.14952274502441,42.62829516485834,3.52958643226821,41.79302611878985,0
175.57717203615363,100.72730144831621,34.20231985985886,4.67484140041589,56.11667471298122,0
231.05111649723796,138.9991968600222,42.06634666804514,5.924760652968722,41.02078608134233,1
193.14374752882256,89.59604030187782,43.65478203648794,0.6685254266785012,51.94206955622661,0
205.35998073435812,74.94168966026251,34.463469060415825,3.845947322605694,41.47134106402788,0
210.1660439803429,77.30754445687741,36.18076937570809,4.450387398011789,53.36020567518695,0
232.50397557655361,96.71261429245304,43.8620745092954,5.846653173828209,63.41211754694693,0
167.6267789169155,85.05726602652842,42.6461950604205,4.7885342746741,44.585673389544276,0
224.9733957046261,81.38660511755995,32.27163911628968,4.520151345803976,68.51635051000628,0
199.11923771679707,101.58799177007394,44.72824022442995,3.5232194394132144,52.09851864865091,0
201.2212503821865,81.45172331352812,37.26170794182948,6.4145324629722085,59.412505208071664,0
194.22466034351004,113.83194450934096,36.43009574024172,3.1283155633087,49.19392867621576,0
200.25627174995338,116.95178238375823,43.19951754786591,4.886389662227479,38.8246278513338,0
221.04394403948442,91.18824056743519,53.573012182505344,6.9867596959539355,53.515633000699566,0
197.3792660777251,97.58344809576042,44.169549152019265,3.9949533623574687,42.254304227012284,0
220.66473901586224,110.13360883700534,44.09979780869189,6.010482316620246,55.75418272702428,0
188.04422878332525,87.52033975613405,40.207638542553596,5.690861583657533,53.13678127125702,0
191.71738909832445,106.10428452897479,38.895400127040624,8.185968295836398,51.88508163019095,0
197.15916059562008,98.4557155662888,48.43450380297975,5.201253072485237,50.57096759803212,0
220.003405220195,104.50222990661008,37.34947731595694,4.458502633905253,51.44527651589453,0
208.8577327311344,94.07266164728225,46.214986435988095,6.432351968526652,38.919421378841584,0
239.4385763843209,110.68884646224758,40.087359334824754,3.7082784493553804,52.58017173147608,0
191.99691315334778,85.49193981015989,40.62360784312009,5.036084190528345,42.43837798521221,0
194.7411126505751,98.93072148099287,39.376754364449724,6.0472881738883135,47.2528114986266,0
184.03303191546902,119.23629904561479,33.17210819190315,5.384198548419515,58.8753648618953,0
203.45586185607718,99.29404147215669,44.76432476376739,7.2848153643550555,51.32677242746153,0
163.3878061292323,108.83170579577745,34.26629982421454,4.261731104854999,55.954649761620466,0
181.318504871568,86.27658434869366,40.20739987843954,8.435716328380565,44.98919468606745,0
190.26157787404495,79.46603076002559,35.76573191169497,3.251350280355583,58.02179907697304,0
231.6651089146923,91.0900465758152,46.74296487710042,2.217737533377539,47.425971303500646,0
225.62312556831375,101.3091013517933,41.693717928478186,4.141487822988896,25.34024731618523,0
212.15036510523765,101.39163520183999,44.08573313784886,6.132109156290429,42.10664069787563,0
230.29099126227283,97.83212228810571,46.871245459717585,2.067462090571547,48.959293294580725,0
188.8089837316002,151.41090832083526,42.795384397353075,2.6681859431998696,45.80896077445448,0
169.55580180832033,118.0641082429913,48.22423106049016,4.846849838805549,51.14481805537332,0
162.17463196583515,80.1342442072379,40.15027569298253,3.6549554432954614,59.01208023268578,0
188.79773131643142,103.43403668991219,44.477419899343296,3.7479809626894762,51.97017907948469,0
226.8721304390179,100.59313600753134,48.17711706045501,5.613063362505057,38.78669507929966,0
150.7791339076691,108.14461475173307,49.008828952832545,4.395057683157109,47.47872529486844,0
199.91456051345102,107.21564747112447,32.431473745544075,4.743846046497913,58.34111253407927,0
143.7676863662017,90.34476028429877,40.76182236535587,3.728362103234682,33.745914057102055,0
206.59611969268937,113.91191669938719,39.29006535320123,4.1880801126625915,57.68465591692737,0
231.6949880670585,85.24851661323518,29.40509165059698,5.873336028561936,48.25471790091699,0
216.7443915445039,111.06200034567158,46.96936703440245,5.111615000235401,73.10524854366865,0
200.0642167055195,94.13968396657263,41.28868206014789,6.308052659798365,37.90606220959837,0
176.22878635159677,113.54593530009984,43.51011354374629,4.623908082497035,45.35511404734126,0
211.90852953834803,99.96035390391519,36.230124542603505,3.5509979372924523,36.62918823515074,0
244.5515076623805,88.29476074053316,46.789774864382736,4.205033727570621,51.70326625010363,0
182.54746015176573,124.08706703396747,41.93659305554712,3.7063405892724486,57.23044297967563,0
204.45247300664073,94.76623786300534,42.387929206904936,5.823937792856765,57.71959769704101,0
238.41108148061662,111.09036093422995,45.48850747838225,4.544451767668849,50.984026926944175,0
217.97264165204388,133.51342380569164,28.05591950808212,3.063525179540184,56.73398141240681,0
199.21291578399513,106.56468266915948,37.320803863581254,5.565942549820347,51.908966244502814,0
206.51041879532013,107.6085722627771,48.98148477763692,5.4108778990731725,34.994541560805395,0
188.98316703015607,113.38395474479915,43.176172398756705,6.024461772442457,62.11650166491598,0
164.4580459356642,108.19922613525847,43.27229499887029,7.726357071538114,60.29840992936791,0
235.60596211114404,124.14163986150042,37.32949712289013,4.794583536682689,38.33715853183865,1
206.8598967498871,121.95255726755818,49.72281555544574,6.113711199620003,30.504826712184645,1
246.63619407916377,115.11376958549859,29.601741078322128,5.147125819431835,38.45156286651233,0
184.409942035417,118.02399027268271,30.982769820540064,7.009931321417851,65.11781007338269,0
222.05102019291684,111.54011042443803,33.981044341792725,5.517202449769646,58.46630619274732,0
227.1509505219139,113.80914802012141,40.695541673784966,7.961977711610528,31.24258015220957,0
192.7865368083047,114.44915859932414,47.67964318362013,4.640320439342481,55.47562093934975,0
177.05204508228414,96.61767842990216,37.51629386070148,4.7959768797327325,48.74708851442796,0
217.5557744187583,112.72307271118744,30.537129927321573,3.404405586336573,58.0937125220693,0
178.20117536123607,129.82072862742092,42.76175014465957,2.9508340100567474,48.924884480675686,0
195.44529105182278,107.50246176356048,39.644420039913804,3.8531224902439316,37.293717648716,0
196.2415818766088,75.91637923616776,35.60167402691246,5.489358336728213,52.36677333043186,0
166.92426137488275,112.42783103370344,43.35166137433679,3.9146055601184404,42.6669876235237,0
223.82118528792793,112.87074774738696,37.04554097013175,4.000586304059605,62.92350125709237,0
220.53232068092103,71.30368754821136,39.320223112268,6.77978031471632,60.25165839091404,0
197.9405373661822,86.27145291374202,37.525530693065974,1.7394298852307295,43.89142491033379,0
196.33327536037163,107.34334484053369,35.790497962175195,4.6709701861413,45.65187085860786,0
198.15233755196414,120.28931691771069,41.253145783818994,2.8299401796150083,41.20096528896812,0
206.62199097329128,123.70414310803795,40.41933394483294,5.872503648362962,66.02409396497512,0
195.5983844856689,74.51234897115711,31.43373061047716,5.037932507330598,67.44801146877084,0
192.99403294254978,121.41088215935429,33.407238364268046,6.634411247676622,38.71903970340287,0
220.51128763042274,99.96505532006879,42.26787539263992,4.319886296486441,60.95366270705968,0
199.13303966449575,110.46472618612322,37.89615990859248,7.726109240313679,51.082856274655185,0
208.12003949084252,114.72585609957828,37.057952537158556,6.17639916819448,47.99940486891307,0
173.2773992172216,101.43598067873673,29.298956812704795,6.3420205959611655,49.44983033491812,0
160.53557285892828,102.0338543070554,44.082975374973046,7.059843143335572,38.536204821960354,0
211.37957263071715,112.58710027680533,32.39527778551542,5.415639682953759,57.56069256532176,0
185.57553382933006,94.18749965467448,41.64443943017727,5.18144637577702,58.74637165007408,0
197.17770425245948,127.71388101997272,45.29013007660019,3.3774231724632244,43.731586218745264,0
169.1214259476434,122.14269531334324,46.10130767417642,4.787073563417903,69.69492990459948,0
215.43268280071916,101.34852225173371,42.45234581148496,5.347381619360555,38.23526405148898,0
213.84359573503457,99.60424296141922,52.68410761061595,2.332339859949421,23.162867399142403,0
218.87134473503477,105.0595955089859,38.853024446440834,5.883966257780058,47.65045680981525,0
217.77988905439977,121.39648579443802,47.08562741998053,4.2845459766601515,58.11422304244391,0
188.60654005091985,93.99312177548842,31.967255323880618,3.28638695913273,47.374574146099626,0
191.0869350869923,105.84465957853729,39.05155346984133,5.273023971743236,47.02848508213252,0
196.48465468021243,88.83777284700547,38.45739053500217,3.207764394529152,39.51845086515513,0
248.28768740867676,104.06139599413733,31.63613584689831,6.384180242362093,51.073746283810515,0
173.4134845678885,92.40156907592973,44.979326232533865,4.357761265506099,48.89140202621983,0
232.23926317587959,98.4166291826785,51.02806264243719,6.846091374033671,56.4445154436275,1
200.6536063986497,128.7611831696228,40.44701707985729,5.966833960483458,55.90634798697282,0
198.12614144197138,93.01950772291285,39.52388116700537,7.487039225459901,55.66434549178799,0
191.97248985970515,77.58419488210762,28.000624848810105,3.4723732676450965,50.477918123083235,0
136.5772310323195,69.00937214429544,38.5673964480546,3.934411922969646,52.83229398643999,0
223.29366745532667,107.8137019706207,29.08035362964166,4.97732774543595,51.017530009077234,0
235.34593302498666,120.91784049704884,38.60101461022428,4.153604665025288,50.4485106251205,1
209.91155045866472,97.54900458980487,40.831791324347016,6.028825006589011,41.83790063964004,0
198.1804034363663,126.63934914128644,40.68037155493323,6.521855844547217,51.918237679479205,0
170.4025599128376,128.3538529588118,41.571902184581795,6.293935890779415,44.647472604178006,0
197.7277294948144,120.36320773986677,47.29353063612874,6.115870284045669,48.59910147154706,0
194.7001826853396,124.48405121570275,38.815460573820495,4.629430254119697,38.79055154596702,0
182.03843010453156,111.4963266122626,34.83364761706697,4.4845042750577235,64.86187475229376,0
200.58523108053902,106.5356830918449,39.72733893499516,5.3786155826203945,41.08047716871885,0
248.0413989615846,95.35250474366006,42.47300228863901,4.706860417707405,59.85669847658704,0
208.62741990284132,122.51284659441944,36.160105931533074,3.9920744163154405,29.739292194507442,0
194.8490982247932,107.20184952258755,43.340174280679726,3.556915216812931,54.47984782669033,0
192.80175431475973,69.86928882182514,43.06186178104292,6.161713849375808,59.90243347031869,0
192.38037630363345,112.58175296278635,47.44207740142233,5.113905280654228,52.55301821929896,0
184.98223032951532,121.04671199346835,42.330652620456036,5.217555126725815,51.62379424203424,0
211.54529354563712,91.78382321105587,41.721620514815015,5.3473712828133095,44.67275835022418,0
206.22256992537817,83.28992155243326,39.65774497233199,3.047671960950495,48.474061105214105,0
228.63931868251143,100.03235671828922,44.86081264905981,5.33040103565429,52.208992896986366,0
170.08913956907475,101.53604901310456,35.06655186216798,3.729211819742355,40.2665313397257,0
181.47205843008024,87.45092366341518,44.18094299743575,5.50174192253553,52.006486622396245,0
234.70705936501366,127.94538266811341,35.745369633949885,3.9513202540609105,48.12636464638685,1
198.52525568696853,119.53763442474435,46.52693812550826,4.787574730158262,45.28065220540844,0
214.75389442967764,110.49505832609276,36.97485513188919,3.2024802523331135,40.701957337133095,0
192.94290289723415,100.64668877950864,41.96183397896694,5.21575313326058,34.67815887872538,0
203.82273932664842,97.65540807425239,35.548670088998584,6.349742337382623,54.47658833372347,0
190.65184706284055,99.61022504849038,39.87069523737344,6.605713635697351,42.805221440878555,0
178.26741144549737,98.83666338386939,41.36586028658469,3.717828739796306,55.244799587749135,0
195.3661992471963,120.5055349570848,44.352838394549835,7.557319443587614,45.52566349920736,1
201.65020545555493,101.51258769395446,39.04097786224436,3.602143193516536,56.33726731251525,0
232.1664788945075,78.51236566617814,51.03416922096521,6.532402838011757,40.822169698442366,1
224.37612940071597,92.30910622930321,34.17239750157726,4.321856396270108,44.42239212566592,0
184.58054774568646,105.6118735893831,41.253809798546264,3.894457024767002,52.802032597621604,0
230.6175649978096,102.06054673189526,47.88831643074436,5.409461800289586,47.5650284081826,0
193.66075520982608,137.88923005901552,40.10809741085293,5.133739109740682,60.73497051857634,0
203.60304433197314,132.98644448894328,42.48334282872524,5.611073864471608,56.583370867119726,0
200.30698956320657,66.8167268908993,43.06375595182986,3.968423152760227,67.1501277322445,0
199.6690237567366,120.44561698852013,41.9178915421533,6.885042338344986,47.56123242483406,0
160.0315606940707,128.60636598634866,39.984924258449986,7.170730375209695,36.435588999884935,1
206.9850667035637,71.90910317887601,47.3485773361307,5.477411208020178,27.86290682516238,0
215.47232807766017,109.065417680979,41.98262389695982,6.142165131543228,40.89873165945298,0
195.24052724803852,90.21762048177479,45.816154961902306,4.4474158826447905,63.74260825018771,0
196.00866847653327,94.58687827247442,46.20677874297186,4.924118980578457,49.957619118128434,0
233.24999008652276,107.16423162611602,43.05720155339229,7.236641390964423,36.93406648681807,1
197.92469323290874,106.62344232099672,46.0645025998991,7.025516098333572,51.79403077964185,0
219.34826945825867,87.00658230686234,35.3319833896776,3.549592662257131,57.06123309999311,0
188.26643948217017,125.44564742765438,39.051657051679335,2.8678969482596095,61.304783138400246,0
227.7546786061553,132.63023926221857,45.1776504836173,4.576839557444352,59.46861593812369,0
200.3968143104671,109.16646453288786,49.31097106303632,5.4251569772068065,59.11858504213387,0
199.71104732905073,104.33759179951913,35.64391026746259,3.7996024656207137,35.27303807586936,0
181.71721718611633,79.18751184378812,36.27792311975274,5.481461396851452,44.47455229543151,0
212.48517183706247,65.5368074788073,35.6627707513703,6.53488122390439,31.056661859890113,0
198.4235687021377,109.25817051486703,42.888254964498984,3.7545226226518107,57.5722148203626,0
191.56724878749372,99.62029277887828,42.01343974750038,3.3735027347034254,46.83624120495256,0
168.36231033221176,113.8928055004097,41.90020346906776,5.710907405775608,44.80393612481728,0
190.30822028500197,95.69631774129601,38.33015164391378,4.801264899708114,55.17195578678394,0
152.30831349513,100.91536886477856,36.60928633723798,5.583762604031068,53.71270835953119,0
174.67463552911812,100.2932413169901,49.33534334991176,4.306141621096008,57.71212627370793,0
226.38129716043653,79.57350532550204,43.274481351777055,5.321739013525955,42.303159544782076,0
233.34779365483888,91.47538002908554,44.6779462678309,5.978388897823363,47.96044751489639,0
208.8252859060113,111.40685697349029,39.856802678090865,3.7771793067475876,41.042465907867964,0
185.95110666112313,101.79482680384959,44.04825385421309,5.006651251768195,39.343040221748666,0
183.11289014626882,114.03047328453495,31.833056291055687,6.326042416068385,48.67270978617351,0
166.30357016994213,119.74591345225382,44.029473576990824,4.055067560663896,39.69044100840597,0
186.32597334399588,124.07629631249831,37.16464136141698,3.5309808100430575,58.263547217165694,0
190.96772477278438,118.876603640009,50.36196519767415,5.284711497644272,43.87317890305092,0
132.39386816585605,83.30367570255976,42.50051469765202,4.569929972232745,45.53142884014643,0
202.22857001111132,104.62609185932111,39.77110301678268,6.320421521444418,61.92174439994908,0
233.74558086712528,87.59846191053009,29.937862167408323,7.277524942381461,42.29730271164631,1
206.26114108847224,71.65952929846969,31.52437239775552,2.3685512223308325,44.71365613992594,0
160.34425341243198,100.64644611766931,44.43780641519528,3.8008169344109177,55.41089050139262,0
242.68761978213882,96.05875657927842,39.16199559340989,4.333418625078517,28.560542109407784,0
190.43839697647124,89.5315000040011,39.21722690831997,6.470385535941216,37.849920631823366,0
230.9734643631666,103.74147812832244,33.691186753279325,6.785437080812434,57.90633381945802,0
223.2604024182345,91.36140436595791,47.158854375574755,4.028880376200109,55.76490207576725,0
227.0087802163317,123.14039308424071,27.583857863569143,6.696987874374389,52.85610775678988,0
210.54329731355602,105.65680097833823,48.34874624870863,6.0941343528967185,39.04562641497301,0
216.51184163493556,106.07879249784969,41.4405107808489,4.049615909643011,47.00761925358335,0
193.81967552807131,113.56257070566352,45.56051578099301,6.836835578081229,62.34028783725413,0
183.25843532287263,79.66840547868675,43.785878253142926,5.590451092196105,39.858545998858396,0
183.93353665328672,96.2953262941172,30.116690437171766,5.049415255669484,52.4876096030166,0
191.78881867125892,98.67352330667097,39.483819479757635,4.636469430268665,51.2433104238526,0
188.20361050045108,104.48774119258377,36.197736363425925,5.481286964563904,53.116741621532874,0
212.53182393109782,102.53980673855392,41.248901638047734,2.251983498825866,32.83312078986875,0
185.57748526328174,97.94227369910212,39.63684837104121,5.226722342972433,34.35637806522719,0
146.48967451243178,118.08206583497793,45.17093230943488,4.3428074428071985,52.829903782682386,0
216.14064051693038,117.28099887018215,42.56724502285102,5.18218561008372,51.472183844055046,0
187.520259763844,103.84917155983015,33.329022360673406,1.812420326438371,51.55559717329249,0
244.93708164577166,105.92687581563594,31.157584859308955,4.254691195838989,56.71353689784937,0
203.92027413433192,122.94460617246091,35.64354701697985,3.2578444781362785,46.733101547014265,0
215.51520736986635,70.62500783211527,43.68138941894767,5.597837592490058,53.596755440175805,0
202.3637708435215,106.55955547017753,48.47377560886529,4.998401903713757,48.49635325484835,0
217.52902556011423,109.0603584427906,43.29308281898723,4.416115068857826,50.95816874279466,0
219.63889465874547,87.51529545213195,30.426337836858423,6.239089047340969,38.520246735328676,0
215.8175382193448,132.5295342016499,36.80401547555623,5.581057657084557,47.8177798946532,0
174.15573306244198,101.62629070653632,33.754130020428605,3.1027504957812297,57.7522591263866,0
207.4208652877359,106.62813507767305,43.27174786629873,5.321831351775493,54.19978687355602,0
189.47320228034425,81.84364289820483,32.708959044488324,3.542602080256673,52.2889022379768,0
206.16435918351704,96.29186835537324,35.48225831826758,5.573246896343827,49.45973400542514,0
184.2547683182964,112.06941236922874,44.81449044636025,4.936779304050816,49.449896699956945,0
216.77914141877278,105.92877483519429,38.134753114027234,5.439202720627987,35.239187333979004,0
177.0816308170467,89.43882475719614,44.320404710549276,4.722011405177166,61.65199158414275,0
181.9277453006496,125.2316268772385,36.34101790650087,4.738891701111958,45.19073956263964,0
200.59679195906028,103.01459115730651,39.239758583676114,7.666810361909832,39.26042381771301,0
192.54986467112604,134.52417534139016,38.20092421579008,2.2443240999992686,49.35486028022176,0
226.8473076627009,105.17639014339241,39.87074185430633,5.844232996232694,36.84826018420564,0
225.83333613873194,115.51642685117696,43.677723979181984,3.415014746971952,29.17578312353495,0
199.51223017197148,90.23667553174884,45.40334089559015,5.183538648033083,46.49959978847534,0
198.96787204308217,103.6675560121165,40.9057338461395,6.600490989896011,38.55411224261174,0
184.87297105197968,110.62772839763763,39.69208208219988,6.769003514692605,47.328368080726186,0
211.63101104668152,93.39068433282189,49.039318862143936,6.057669397955075,50.71433044798602,0
217.11991091495133,101.03656423625041,39.04861571852906,4.737117519658986,45.15476458915446,0
171.08874114082306,90.89075413791495,31.524385527712212,4.487428094979849,46.340590559350424,0
169.20248167506696,92.9571707715976,39.61730158568343,7.997069166271993,66.78410044760183,0
223.25199037324032,109.1418932436094,36.32703658916679,5.651511239991306,29.21273341498822,0
198.8036799921547,112.97652157107126,42.8105241318497,2.9070438229775206,58.89164019769232,0
203.30816855994658,98.9119413201272,37.85836034306141,4.45305467097708,47.867882828155466,0
217.7461602675857,111.40641039795831,33.88385360179785,5.108793415811169,40.954610963723695,0
205.66900353400547,106.80858550646144,46.84860522514684,4.564471977581282,63.7735204445634,0
191.1081778843187,122.7971862075093,33.76070148362282,3.44676885738111,56.58720419302581,0
205.34620419710095,109.58752633190895,40.02572261709672,7.4193274504158495,51.26844294255028,0
204.50889229729043,135.1109118454985,38.29731654521421,3.3581292280226527,48.16656259534542,0
184.8847407524496,94.35240551343843,43.52371510580852,4.774928595380845,36.0411589882396,0
209.72772896825617,91.05538600316642,40.04964081733979,5.129981647530544,55.3597155443735,0
210.3184028295252,118.72236563870521,44.29144961731334,7.159148014586588,41.02341608169015,0
212.49439308295925,109.83074814081998,37.065366551563635,4.4160305104070305,45.37050194537254,0
192.04435489660355,63.1411163717134,40.822827103118385,5.583445758323327,65.7273706887978,0
240.23334562533623,113.728445860479,51.54237463917458,4.487642140484973,38.175433515681426,1
237.67427451349766,91.80984322667595,41.27390633889704,3.4836315755687255,39.39842724696939,0
169.98462667113756,113.39120161614757,37.545491100164334,3.947425536590008,38.364295996927964,0
200.68915247875037,112.2466222482887,34.94404683646561,1.8398110741878884,64.1974486863061,0
199.47684256610128,124.83063488926709,39.16336517070005,7.222658431427602,38.35522067131203,1
177.70061442484163,113.02726441837957,48.39202115144297,3.3679206863991142,47.88227651469726,0
240.40895120471447,101.85517663290906,42.41298134635917,1.6071641983383373,33.18080711843794,0
187.71822965029793,89.41291559616322,38.28405079630546,3.5978044393858086,65.85353791341224,0
195.6117690288023,81.08383099875607,40.41007001767744,1.882556386331399,82.16180219541658,0
149.96571578806788,85.1077196275908,45.903201436333305,5.944173952852084,51.53221675086685,0
217.96075798300112,130.71865708516103,42.77555072419973,3.884330967678885,49.58524791313488,0
202.69166724358797,108.5204561499347,49.2986944393496,3.748361000333871,46.62618047810125,0
174.789617634428,114.39694042845768,40.501474905331,4.049091748574421,54.41221277670312,0
200.85253861065434,113.21503791434824,40.83117376968545,3.3783512297364453,43.86711457966865,0
180.34159605509927,93.04378305575445,36.57575664294644,4.734626442933546,47.48830438082565,0
208.38999564656638,107.298987933608,45.622283964733725,5.824360232093691,58.95686110270661,0
222.90454839492375,111.70803620572963,52.37645111191361,3.944172178276305,41.09015742330344,0
223.25344302546404,107.40213719766096,46.05279212358961,5.498837793574485,48.493885938737066,0
177.49974810899602,95.51217027768224,39.915050213322004,4.289510213518772,55.11897926749199,0
165.94054534550057,111.96032895231222,38.32143119976217,1.471076277914166,53.85085475011664,0
220.54039240958576,117.16504807602946,29.530469275434843,4.140196965834033,47.44484360594122,0
197.67398728072067,101.79420886997376,44.00820851207862,4.339259391622033,41.62885322985003,0
224.75623154198323,120.76955325743575,43.42809014592247,4.632936534978156,40.57933188801217,0
186.29210203035802,94.42027885135187,31.410874937191124,7.142716830447785,47.46668083052835,0
210.81723207951464,115.12327008068092,30.92997669504591,5.109739912481065,33.13730086771011,0
164.53945369474917,142.96770895014737,40.47895591659141,5.679627258713686,39.59236318316268,0
192.52873982163032,84.83713268480395,46.93935964711035,5.844862480974384,52.94363174014627,0
192.1365470296199,97.45625055625229,39.000548205258916,5.860360334043839,38.545772764953504,0
166.0138744652535,101.24668366676232,31.51470776971889,3.92291458170189,49.804934506768866,0
170.21065300680954,111.98708081549243,36.832865767056234,4.156031767654248,57.057466894404776,0
208.37161567209918,105.96387538598583,41.539194436244486,4.654585388818577,48.857801611446035,0
216.68646309186994,71.46494263998652,36.216721546339876,4.855769860099749,47.927590437228766,0
202.5020352250896,103.80625970429678,38.0812365282969,2.939795283797066,68.1037613087394,0
153.50995628339186,89.806008491603,39.96099472242677,3.3656542347008944,52.04268880140055,0
229.8972918805127,91.6599952768132,29.227059505605638,3.858809720935046,44.95410578454407,0
227.8634067185915,123.85290740764135,47.16012823045015,4.584666219469298,44.7882818459448,0
211.86464550954116,71.32663546412816,39.5093919537097,4.337355655681487,62.923859092898205,0
182.59280541481667,95.2481133980737,45.83205708250909,6.3939313359037255,56.92238785767113,0
200.30538272486052,94.41952492008797,32.53590967559226,5.539123933656533,39.80708005710492,0
186.85081088233062,96.11301393661908,48.549312634372654,5.392921217878706,39.23157590173472,0
192.4616059111837,94.31206094122616,38.125771422402195,3.2099270630164387,51.610090901679975,0
172.3406568371134,112.13495545118616,44.45828655152813,4.918000406443168,61.18852268035126,0
225.05240612168663,110.86293531584538,40.312401484080226,5.867906150445604,44.05853762520944,0
221.4518157132599,107.20959145737173,31.81796725707374,7.121873378754502,37.06187659346735,0
175.73149998637376,95.46966877224679,35.03239714983614,5.350909247018686,34.7829677667987,0
187.9414431134855,89.71129352862636,35.1668728814209,4.437421099716491,48.04968308854413,0
186.46424693142473,70.06562046669598,45.37682157632969,6.505187220236573,56.17709563519553,0
226.67454511704696,115.83967452161778,36.940430090519065,5.215841359501868,55.16247638937056,0
205.92157901946825,109.704963248684,40.21875912193972,5.685838521431728,47.373626932053,0
175.86425762309509,111.81827671095147,47.77791188406127,5.768098945596805,69.41181962837723,0
226.19639638905733,136.8522712634139,40.55708408462337,7.449112272313935,45.817627345321995,1
241.31589263649929,126.54648760031421,41.720351422119116,3.7726275792992885,54.92865065807547,1
232.97229020096194,90.01606037777611,40.45803223362777,2.524487891926075,45.66299417407587,0
195.82252446643838,109.32619085081456,36.7737780418309,3.6405315270146383,41.1426730855125,0
201.99873031113353,115.17099239044114,41.247924086496155,7.024526320200048,27.645178251941786,0
195.9899024054237,100.19963716249362,46.43387770693455,3.4018576090150923,41.28612175092916,0
215.26103634928984,91.99589229493054,28.287193030630938,2.760562512495512,61.80836895217459,0
179.02267796497947,89.34246684956776,30.77007665617477,4.052404869466611,55.045726441437445,0
187.04968260424835,103.00550620869195,50.433425880951845,6.094965415015449,39.3796673820503,0
202.992603291946,91.38300254645445,51.24308951889171,4.743775848232988,56.40961519480349,0
177.70501814089164,105.838910765026,44.078523066893055,5.305024501760346,21.905798864807394,0
192.46614362255363,115.45389926865654,40.90727062650077,4.4739159343106705,57.88105921029205,0
219.998343244118,101.12545830376416,38.31997529040827,3.545532479022728,52.30909098044985,0
216.44839016125923,122.2476698588576,42.38247772013761,4.49981872603403,51.155423757097,0
216.8945772665671,86.25326253987645,38.73198645519273,3.3370717469374527,31.756983362584524,0
189.3624315685035,78.4293200381544,31.78247000811184,5.042404105008538,58.281687963885645,0
188.12373094612045,69.7539810155144,37.341781552218166,5.635433240489455,36.157226674265424,0
191.98172293825084,85.20272940010102,40.48938969555676,4.773580998530846,49.68716924461862,0
180.88522349999135,96.5742280602923,44.199891570288756,3.4357795070414374,61.416702414849134,0
218.5682762627982,103.7911105477938,41.64932256152779,5.991666154496401,47.05093858058949,0
165.59831048333152,97.54925746982339,38.388710208966586,3.823030416723582,61.44881752234042,0
194.83009133086986,138.616708352714,39.14141647947004,7.0363872445196805,57.72214752852612,1
183.4222120524788,97.23110220325525,33.18987553944726,4.294772241127964,54.86836488181464,0
154.91740714755034,102.28462374501073,40.03653207430549,5.23282472785907,53.739296352322704,0
179.67184768256735,111.61548171590067,37.92364582032311,4.916358804073542,62.49898266954165,0
223.37811681292783,116.94284288495774,37.674672340716626,2.940102858850599,24.133420756109494,0
158.3541569820004,70.1902138742916,42.70952165955592,7.527601362623798,44.34693251345891,0
196.28233375276275,122.32709054684975,39.08010077848701,5.991771983869737,57.41659459362097,0
192.38764785766548,101.14645914688217,50.2369037048759,5.2977905386144135,23.11310899485672,0
213.78832707685547,135.02993743194247,51.39577868380421,6.049220695407193,51.68385571243758,1
223.76799681139136,101.7023750235611,33.69585657027166,3.2454473295231567,56.46616867066467,0
202.17324617273957,112.97652833390913,40.74546426428704,6.236251742611869,70.79861684590202,0
232.51506109538278,110.18139699886939,39.88183053953799,6.98746523412353,45.21874610806557,0
178.21298752673448,84.02750777012227,41.96027216018902,6.1883372661360365,54.221008483998716,0
179.3329236572027,108.87952330062245,45.91085138144639,2.6444773899888823,57.54038213550291,0
242.72001287315936,96.70951374251638,34.708199954414425,4.954819434184772,47.325819318516835,0
233.9217063703956,108.004360522241,30.795616235274203,5.456891581313719,49.519682747806925,0
194.87119296782197,113.06928372605896,43.393889453119066,6.010437270745683,38.50370650340927,0
241.08341821139055,84.39513003066403,33.62370359528575,3.2447059684602766,73.22726771553131,0
218.16820211630704,115.03381986320765,34.85527150768184,4.297845431322528,66.44503975137219,0
210.07326586520512,93.4019532845147,42.42057228667676,5.402254109579956,35.72274773012949,0
185.79014781732707,114.24923003856611,34.86091641486222,3.935785037808607,50.3241219866983,0
184.74347305830238,111.57042524223098,41.92712890337148,4.050992754229156,41.52779937804526,0
167.41905822004148,84.73299636699954,42.35423933712815,4.240327068575976,64.3795897964877,0
167.13117320535844,83.00401217815492,43.568524481837976,6.3742142402629165,39.15763002095917,0
204.09138314698305,123.00628307368527,35.05278390752217,5.118981801333107,54.01204171507264,0
191.20804605617514,84.71375417403658,47.6544942011923,6.215534944861865,47.39439989862267,0
154.04060937722448,121.20359352724377,40.647981375423434,5.177649067324544,39.96896072007587,0
187.59497351347008,87.58212322102166,41.12411995650721,4.602272693741941,55.34872925486374,0
201.53004279440106,118.38843242948519,44.444479658826985,4.539021177417069,56.23074847485492,0
217.10335151953777,108.03289463527403,48.22266098291934,3.8629568312369202,65.5637219092393,0
222.6138684755134,91.48783278879954,41.036744649008476,4.864535974263601,45.091906469698266,0
182.699986562464,115.82750729633983,36.840113688487776,3.8874737292444035,60.87284564386635,0
221.3157579116278,89.39284003377094,38.677075024574336,3.1490819395830654,58.57029900750168,0
197.1961515283359,101.96561317169154,40.96661250783045,4.3791375619723265,53.18960729589451,0
194.3691489223045,133.8086703465321,31.989877333397114,6.685845352559092,56.25140875348678,0
220.5102887855798,87.12706144151217,40.21724914927464,3.52521160916976,42.904286595046656,0
208.50876854046632,109.97568417924764,51.477434536973874,6.509206898668468,39.886919893826885,0
163.06642980682233,64.26681369750924,43.34137200200592,4.761320469411281,64.28524212429389,0
192.97752215819037,105.75057086750681,38.1927858468229,2.434901307886879,43.119905484971675,0
213.0444472310579,112.02848034339166,43.4436589104931,5.08111558533396,45.84345371438059,0
207.37336831893637,114.5808141573864,33.809360505913226,5.256040091868161,53.00221365717954,0
196.2340094070667,98.25424807516588,34.85546236057081,6.160800340433747,54.503177188923516,0
185.73120747678357,82.95964278124079,44.12959843252216,8.947909882289819,47.87175258119702,0
178.17073516994762,102.51279140564904,35.43518133354796,4.382496581651542,46.81703276648062,0
198.38054672915874,64.11613554855793,38.30083494407701,5.412163593766323,60.5159229512987,0
201.72631863914222,104.68541714715509,35.16468474982226,4.823828147438031,38.21155856211209,0
216.6755862975261,86.38714791895242,46.86967857007048,3.417850209151912,39.43098462762911,0
194.79092532562973,120.53535946804607,39.41892205682271,3.699383416935584,41.91945092374094,0
199.8228373754658,92.84808833008702,35.39155167341919,6.547284404115323,31.689721419009242,0
180.33363046391597,104.13776727415038,42.92879083222248,5.88267805356389,41.35710537279177,0
234.82714619273418,98.89197656883942,41.542202735276845,3.186126070062184,46.987376609977375,0
253.24896849616846,102.23011445356425,41.09834169790426,4.731912277870761,47.276083752207626,0
218.4809150478162,82.67003287159737,37.2549483104578,4.483170320039055,41.466897468402564,0
183.1858220634169,93.68430993659265,31.889745906109994,2.3800522610458015,54.453231733842856,0
239.25415649786612,132.67155351586993,43.43078947123215,6.231794621407035,45.27926176322095,1
216.71100101804913,106.46984625370125,29.34232461989597,3.014919488592838,64.66253087454413,0
212.74605783677447,108.06313177569774,35.28608560984573,2.8896070913089136,52.076193914982284,0
182.52099094496708,86.98007141203698,37.26565801309325,3.576817712192784,62.55961305451706,0
203.90675328197364,88.91673115118527,40.10940612594928,6.050483609365647,51.98666078682408,0
252.0049250690584,80.35960965333,38.678637205837745,5.354070309009648,53.092817296215216,0
175.8829895585283,104.84633313191055,42.934595006901965,2.617396971788068,26.528236392516394,0
176.81808242433834,101.51085691039546,39.237315478863174,5.795942508968699,49.89089797366778,0
197.61269068353258,97.35605834940394,41.832074258319224,2.2529933907747757,53.497272469575435,0
209.14685582629392,112.57986949340855,35.746156832712366,1.8668807339033409,61.02211867239568,0
189.59392289273273,86.26050602383636,44.64143163167226,3.2875051309362338,60.158538128971,0
232.72297191443036,126.23198408928434,38.76978335224671,5.914011661629096,37.17139895900311,1
188.26627410242833,120.51305999523116,35.24451896535886,6.082835967557919,63.492164271858506,0
206.5657217347951,106.47635770711206,44.365995219473085,7.2469620234305125,38.14952882928954,0
183.0370862637291,106.84528044125508,46.37368974972314,4.321966969823253,43.59130544752341,0
187.07776251531993,93.52338872153149,36.373488728561604,7.809434206128089,56.18662914388289,0
185.68975402462573,103.64057536252372,32.72466201295913,3.5062291209531864,33.71672610647474,0
195.36234433840423,87.93687139865993,35.51669169659842,6.575309942650994,59.31906437589893,0
209.7869764608084,102.47822435740947,44.844294382253544,6.351623965279371,46.685492982776225,0
185.9037216478092,112.09733247834761,38.47054810319708,6.419048610513024,50.32173891717097,0
198.66771927621656,81.8857675073963,44.10649454852009,5.104934042571249,60.14460313949209,0
213.3886924768093,111.77857439063175,32.51350967485602,3.7554026625426538,52.70124752691508,0
194.17949143480024,95.57050201493922,40.97499899595311,5.0178631032449825,61.28047950118777,0
185.71739405042592,85.65564105517838,34.35490108513062,1.4373555354558927,54.26346952405535,0
164.8100851763649,102.4023785777873,39.13132332675468,3.7545411754549844,51.980346851521965,0
187.5899507185227,98.89441695172162,40.90352494876015,5.589986656935782,65.2976707760028,0
239.57370087954888,95.56030968665479,35.697240507216975,4.204791470571341,35.25901025261871,0
190.1160736732537,91.49256527116448,39.14034657589166,2.542857300176567,39.55558279455046,0
186.1180539027418,102.82938970930995,42.42770689132782,5.817008651044182,58.83767584046816,0
173.09755256355146,97.54993595240883,41.414517516251486,4.589771886195049,34.935403186892515,0
188.75615765260778,109.83103588446612,36.32885804316804,6.8742584396734845,44.29157924494129,0
164.62958531219272,112.43868717123819,33.77942720772492,4.259175727298442,25.099806762602952,0
197.90944989919038,104.50254084416827,46.07750054029046,5.8690596351557405,60.902461176086135,0
207.88002204981606,107.14730645983896,41.41534294409789,2.3094294910400266,70.62486016261569,0
215.11485963809247,116.06915846059344,39.26189683502049,3.6022549758942004,40.12019355378623,0
209.62324662236836,94.81686776405965,25.746382480272356,5.101254730075607,47.7017508670417,0
209.50995931346776,82.41775367528913,44.04013921337547,7.02068074098782,72.81676928403732,0
193.46325474386694,108.07346393003859,56.6846536726226,7.515905984977465,36.46589767177267,1
177.0468526120208,97.97813432046381,42.175844027268305,5.643808735657473,62.88053161506269,0
227.77202450938506,115.62773403624173,43.198078118409924,3.3892598033538404,49.08432829069185,0
191.5036023722402,124.45731610478796,45.486409653165374,5.742742504273779,30.348728007124166,0
174.84858702767917,84.70728386609662,32.60257181413249,4.658668216635873,58.0002829766979,0
194.51750743437415,91.67411352103515,36.87736599128628,3.96304016197882,54.64755531696408,0
168.98834126240052,72.64666361507614,42.47306753798995,4.822751106826859,46.708588491634416,0
211.28931503551564,112.86445798912696,35.8672316086252,6.569700275641731,46.758242730370995,0
217.11261372523666,97.28558457564472,45.110135220060315,6.40926134074129,37.794893663892566,0
224.69313408531204,102.6417015729445,37.383128742698965,2.9626533247058338,41.09578672575473,0
200.85831755481033,84.27692331175638,42.10252722799489,3.8824604280252104,48.34579971384445,0
182.02256824710418,99.70008262851114,37.85595775052154,2.374078113967684,53.170138116074746,0
213.5135051523463,97.3433297115189,38.28158801993453,0.9905058449588475,44.07806603360524,0
208.05563060644403,117.77492703129685,41.23560276607987,1.3881558260657574,41.503800233879666,0
221.34687282197143,104.7916293443439,38.16349464908863,4.831480093677369,64.03881383240413,0
219.26329485681873,96.1703479477173,40.09155802913799,1.7026337776140106,45.13103297336571,0
213.66325012914746,83.94327914805865,32.6329093424755,6.177820364749649,39.26352542065702,0
198.95089668800298,116.33687389718057,38.583287989456934,5.090478279909541,39.74308110106112,0
203.1342892047717,94.78424214234482,38.148888662162165,3.7255277473526,48.88916119395131,0
223.66411290273265,86.13905509890542,43.75003875215961,3.816428144787109,47.10364203722199,0
198.2273718789095,95.6186323299326,37.605942361773835,6.322839498431875,44.08896743976007,0
200.03215647038635,90.55056306713318,36.50282005839862,5.031556903372537,45.90321362320556,0
214.98657321300814,128.30387439332017,29.704625576750193,6.745976636773346,42.87579444969359,0
215.4574370810994,129.53686494895416,38.943105366761415,5.25727099786301,68.39244394031982,0
231.63394949229132,111.32141585765146,45.29989957807347,5.719251636915141,61.50277902300642,0
156.93223561994301,90.35139589347332,37.80971479369417,4.660169288564995,29.420225570740225,0
191.8847863074813,97.5129982461856,40.48214970667697,4.2048038149964935,45.20619393016233,0
172.6386846076351,107.83327547525924,42.03334821913872,5.821040802666548,41.46292360218647,0
204.16996081496356,86.59464381401192,45.968743161612146,2.4840463563538666,28.340217431427973,0
189.99525501170623,94.90142096980185,36.11572148639404,3.2041700830884716,42.407758196244096,0
222.3183519140616,86.70347661923948,38.66416936805535,4.182770372066397,43.10775421377515,0
193.47739324878495,99.51902345660646,40.127693476711734,3.921310898617186,44.709675624026325,0
240.87692932385397,113.56575627690829,45.30217563298473,4.446483725135421,51.88602765936677,0
200.42654257896265,146.37303958410413,37.84362761383529,5.702855237991017,63.90523727998067,0
238.50956215354444,86.15196289400872,43.9542063309789,4.2043826002493345,47.144480144881726,0
210.25450235302782,81.04578124451257,36.24032979931954,7.100724581584146,70.33678782486447,0
239.13802411730478,99.1454974301211,46.27062334273572,3.940093856886504,53.01365928485941,0
189.71994411306696,111.5545482291316,38.92938674366656,3.987618092101292,62.078534399633924,0
192.64406396883487,67.08801823984436,39.335788038394156,6.425978242236038,36.44368203363655,0
163.54790469853924,99.49517496428604,36.93669862894572,0.737429970297975,54.30115116718921,0
185.6623137416951,98.74854508307749,32.950251886518856,3.404735417370193,47.57463321439684,0
188.1691762598685,89.70129738167655,42.85264814412128,3.6191379096784644,37.04523803227832,0
186.90525851535313,88.21974135141781,40.097103188956936,5.085839924436854,48.39160893761282,0
185.67905793237114,105.22087738768602,37.982576472380394,4.241191014003214,61.15975312673954,0
226.82200912144293,117.30560099985087,47.04897709930921,6.209047862145667,49.875166396629716,0
185.57170131365507,106.48908652436141,36.19694547437211,6.688879759076547,45.537678871790646,0
209.83227469804865,102.48152696752092,33.94760756510202,3.620299992171013,40.308694879490524,0
195.9372444292991,99.00248201196543,34.008583649234055,5.064582792191819,67.52051176406901,0
207.55309602356445,88.6063944040809,49.70922838178276,4.504852208830659,41.87911986344582,0
213.00361999903296,107.43779300861037,35.085232467494926,4.77074932498893,53.43973919528097,0
213.496959024486,82.04907828595431,41.42009384664534,8.075260426709999,58.84500327378237,0
203.3462322904859,125.52112409159952,39.24740443798347,7.2326372485614945,60.878866183373965,1
180.0834938218214,112.76976750223557,39.271189405033304,2.5976174545377266,48.99522647284033,0
194.88212179267532,79.21843567767266,47.43307282840787,4.251455537567711,48.272922064723225,0
182.97723952990418,101.16368165629062,34.866894079855165,6.241780362922411,44.969704651163624,0
215.0582028134478,106.04976930996578,31.442398483752648,5.248261402511531,41.501088990398856,0
173.02973124777844,83.25407356156816,40.37487142777012,5.136221253416343,53.21345137956715,0
222.47761728448947,96.1580819972018,32.528460350835275,1.2509485280546513,58.500772771664224,0
187.50443771729744,100.84565712247633,50.673422624190536,2.660662701454356,38.478608106778175,0
200.46770624998015,92.90415526675412,50.56809711571918,3.7820975897142697,62.866755556908466,0
229.14805079779427,91.8223385774424,49.7414153294708,4.748586242832393,52.34435647806839,0
213.17117177565078,108.32924230320613,41.581476326680054,4.438289974834296,51.50594308275878,0
211.68281911418035,103.48103653969244,43.63880141034214,3.1655709194123904,58.42097968260789,0
217.47904525698675,82.6383044904555,47.540967534908944,3.921322980582358,47.050685297720285,0
174.52799148478556,108.42914796720837,35.93593119028209,5.9410630606190065,54.681942619454134,0
178.57742745455445,107.23624928975576,38.03275759026063,8.318624206446184,47.94189988446513,0
185.03281257569552,113.70544949444785,35.883185990596864,2.661862678704291,49.843922083067426,0
214.35397571569152,95.1362143377674,45.04843045587277,4.524988828798934,52.69847268837362,0
201.5498138084209,97.48766031205021,53.7904823714451,4.1245160893136985,80.35666888178456,0
179.82866906291557,68.82515844961912,39.06731113705706,5.984570677279937,52.06898699549975,0
184.16713510660483,112.59965646428223,40.06139537936463,2.8305919692791432,36.4006141984193,0
215.6749061319186,100.6334810449284,33.849438962418446,6.580467311721873,39.831380891494724,0
190.03515459959652,103.99514638711739,34.566949997629145,4.732489859143054,68.15400112256121,0
190.67210013818058,106.79015852770192,39.01892517726037,2.5481040794216905,46.51786732506003,0
182.1558396701694,106.0247975080891,38.716738718281235,3.152243181222934,69.9796107400345,0
190.68820059962238,77.5584277376242,41.18431764914371,5.761481115438046,42.84966150920623,0
168.502861206845,88.65424489056322,42.24096487402089,5.052558157961184,38.253963660805816,0
199.38115703604964,141.9799199837984,34.55187853485813,4.379584148110739,53.22292069424522,0
221.53263731551914,94.32024909795241,37.607038833118025,5.3753207794470494,46.804929561686095,0
192.03052250211914,117.83482176774925,39.99224150607243,4.019407982102259,61.78347169511415,0
185.89309740348838,105.80367581615198,44.893047821247265,5.839110323440407,57.46663622715356,0
215.61273855677965,65.98272359306281,48.98066809738259,4.350970209040213,61.43429592197435,0
219.8447492623682,104.01554785789743,28.745383970249932,5.675396719271344,52.340732671512846,0
198.73534455163104,102.58747842186759,37.8205047764467,3.8377439080161952,45.0169935126347,0
206.27085847835133,101.3592610416157,42.9408655973863,5.673604069834478,55.32141196000356,0
167.145538490611,82.05411603631714,35.14157847037143,4.549398243963964,62.519655170502105,0
197.20470004148902,92.49340666541771,51.579701221736826,4.130328842876628,69.65545729147814,0
212.66665741854897,71.8918385010808,35.20074691063632,7.629118294364208,52.49913830025918,0
195.80651823952465,105.46156356570252,38.53482417329049,4.972543908294736,54.871707202093106,0
198.85870705402016,98.67678369228805,38.587761300660326,5.440042875961766,65.29609344400288,0
219.52899798298645,77.595528290251,46.934219309853454,5.556306167205269,49.42376027720705,0
164.32397259033462,90.57589257528889,43.976304544207544,4.73628903922985,43.26426410932789,0
214.4495434416495,78.51377019320216,40.73386425502032,6.706898519285411,51.85688774841942,0
187.54292620125983,91.69071878499103,47.87065375394265,3.426522665138706,54.65301352235088,0
182.67511875907704,102.91295964858097,38.26997270892273,5.846857828880238,49.9731998548035,0
196.8531754033055,91.96094345674051,48.68998725416675,4.37052408970997,54.73526107255472,0
155.05591268747636,91.01296672944767,47.759078804014344,3.7744253983769047,49.60371222889907,0
179.09740416382772,127.68319012172573,37.04333542819402,5.310565832548256,63.92158602586938,0
182.45875232891547,92.78990081293652,44.691358560231336,6.156977111266481,47.17587436202788,0
176.71931622076534,72.27642237558528,32.61890478356391,4.00303795721138,61.65281927641638,0
232.71042168786244,91.02008405138568,37.43323091722128,7.81639192317258,63.878407718538796,1
201.60029975422376,108.31078533027969,28.30459565050138,2.595516733559706,51.268466696665726,0
220.01284642379375,101.98631925241112,37.015120184080004,5.776797576705544,45.054301432641324,0
209.7780457867471,111.5188951057385,36.36462270366554,3.449492765280529,55.47890216943897,0
203.55948601345497,80.83038417520928,35.68329703680701,4.023516718303197,50.55820120218963,0
182.8022653850713,105.44142992713151,47.21938495092854,1.5275577759967316,47.901068280726975,0
222.3839251629342,99.0341792657146,30.92787308193812,2.4498656908532745,70.33635598541795,0
200.81322713605326,74.17214744700583,36.06430531988551,2.8808796931721066,33.83047348645782,0
192.81318418421728,110.75812000552386,36.82116418644059,4.304898905794528,36.611976670455206,0
218.93352579371165,73.10554184556344,38.42772666671007,4.514781821303885,57.11215892256575,0
197.17525059496973,73.46955705933206,46.6773270401243,5.241285461589971,36.87995903823263,0
220.47866072495253,115.29515401886192,36.55224521517545,6.886414386182205,56.16443484118339,0
197.33835291284322,115.41584023148886,34.561312057635874,8.08799863759889,22.145537945633134,0
195.41209572822598,98.38734653604433,45.14647691425415,3.0084133912726125,66.60766698989163,0
189.08023440271194,80.96654412904098,35.190189464759364,4.774551789161705,63.29536966986389,0
197.9323501895075,98.24964439030954,37.14587140477939,3.178186760470389,38.32335781565316,0
208.1310833650857,113.37221977098113,50.54751953778687,4.051338405441166,35.64959425976623,0
196.18403599020738,109.28661697631036,44.244825547813875,5.493458677671703,47.644598009598724,0
190.82027132309537,80.50284229952754,47.941705999252704,5.268972997886142,53.19522838105604,0
187.56199708695868,86.32869472735908,41.77551836842908,3.8384814818423574,56.643325837652874,0
210.66106549392137,123.93943598127791,37.568129958065946,5.438831324601838,56.14232234821559,0
214.41279200437538,68.88571717968567,46.55409930038556,5.322367149720157,51.89153753639164,0
216.06689702949066,73.35905556991867,47.946555625486,4.69178285256885,57.37960231921434,0
224.9506472343656,97.62076110908042,40.837369173986986,2.621082302507456,58.318649490305106,0
195.83919692286796,109.69093545423019,35.92606677885983,6.436756943083111,38.00792914702747,0
198.27610892469468,95.91693763117178,46.893902345373164,7.164263246502305,41.50377752897432,0
178.84003134125237,105.20301919762346,31.71894989855798,6.63587777960462,59.14313697724271,0
212.09257352969544,97.44005030996344,45.4199102658965,4.286151038300273,40.719693013700144,0
189.1998274848424,70.88473061953776,41.68144700375044,5.54727473678009,70.38942832217967,0
213.11078011707997,119.08093140105406,31.206870765528077,1.6001789477528954,39.90116990624434,0
222.37734017664167,122.5684423155783,41.425822368748314,5.526360631407769,50.17827674033634,0
218.70822043361494,88.98281731676916,39.91607368934762,6.379514030469345,34.21294237115565,0
204.52689626176743,77.96815100428445,42.398424620992785,4.089606818552365,41.589049382027426,0
198.66822770063456,95.12367892408368,42.410045156106435,3.625020000135989,51.19316100847331,0
206.52942274513603,79.4520505574395,34.44204936376718,4.155335867925994,71.06014566450366,0
177.9395061327955,100.90658080310746,49.48040490336522,3.518853212624507,54.08401944823222,0
161.53887683251978,103.10642246630682,39.95082501925085,3.7689991468980626,48.21497557130487,0
196.00744408315242,104.72214639502332,34.79586773646611,3.743569462610354,35.34936037447818,0
186.8325333141859,105.39974922268519,38.98807098624165,4.646423030365409,43.754240551250476,0
173.75541093531524,100.12989592215722,40.63810188565114,5.180564617216098,51.899240425107436,0
205.04399194099642,101.16375904678401,37.45462700795227,7.516525571102702,58.15538053794033,0
212.63377512014563,102.46122233016088,37.85369037788995,4.933225787344483,45.49199097492507,0
228.92648414775692,101.72484801130138,39.83362368783759,3.312707227095639,53.845851305660254,0
178.77675028837805,80.98846650694843,37.64641468110038,3.148570727502591,42.03819333962464,0
175.97689021971445,84.70069565171667,41.876194798427505,2.2455523460542133,49.95764009406973,0
192.54435453506022,103.6237677225096,43.56188567647067,4.558771704206446,49.4120120030233,0
229.03151181125423,87.95293026069982,34.570879351792016,4.129447519822956,51.68444281323612,0
201.6219220486865,113.09654081081929,42.590988059224195,6.241607003854078,57.62751496932086,0
213.68143695233874,73.79077737281035,41.715792355086144,5.5613397561572935,44.72974156036763,0
194.42802741356235,79.09958266116121,36.02724928356545,7.048977301486311,59.832220366704526,0
172.59800397021846,105.24337683504966,39.426606385623046,5.093516376911643,50.266246786927994,0
203.1786678269144,83.54312642577518,33.058869337314036,4.634843833935511,34.13045602409926,0
198.43825512235213,119.14551059917643,37.9005455510182,5.437742047535856,40.21337677461612,0
208.48757796471105,100.7767236432059,36.6140776081179,8.702711155268197,56.652202868435836,0
207.10506268729702,96.0930261501417,40.040441495066005,4.220509204731113,53.23055188333185,0
168.9297265389688,100.9514375623895,48.494867316982706,3.519590122900534,41.84377513179287,0
151.58019307103942,108.78449435852409,27.83586950163172,7.020290025163028,36.95527670331035,0
179.29629111242056,90.50074341382971,37.82983216732196,5.0934712228045225,53.66066046758795,0
198.9908324644863,104.10992470760289,34.84401939237979,5.045246744760953,41.44798295317237,0
216.79158643008384,117.02927009052206,39.85519459056319,5.519682270881328,40.362186518287345,0
198.4474503311895,101.75265753146272,44.04090544435,5.263767822430994,56.693383233177876,0
215.8777505918557,98.86093054574636,34.592018331940565,4.260059578397512,50.539020239909995,0
195.99851128173694,115.80505416486122,42.29680217988283,7.588635374279547,67.88446976907507,0
202.93425618840158,89.2482631138456,43.100949582702555,6.1539604575395055,50.21913887923848,0
181.9333489006411,117.1639159616156,40.71571783109543,3.788983069620155,44.40065315265904,0
230.49953326772396,56.33052280615342,35.606625028907196,2.895892146320966,45.812241234735964,0
225.83514923199888,79.68318029266145,29.475898817807973,5.72605476452949,48.895953879526736,0
210.2403360032547,106.74419013994324,28.515642795387638,7.459983562165563,45.96547539199165,0
150.33555896128613,118.88816128747415,41.25557489907917,4.193239338080169,56.06042373122455,0
189.38053122330163,87.158135959305,46.12363793010571,3.6940214361212402,59.554310811910234,0
179.30407585637704,134.3335665033596,45.82035675780342,7.297410350634475,49.785050108289376,1
216.89139183962283,115.40627375155613,40.49039794167044,6.127817128743109,43.22992140132174,0
212.9507291259723,101.08559878589226,41.456368192861845,5.861362802545728,41.61616317860483,0
207.93928957562636,96.7169274475797,36.97572557961161,6.695487699587349,55.18028632468351,0
201.8549541824518,108.93292397129257,41.87922097056689,5.610088550620273,40.60984013826332,0
183.89632215594833,96.28504767903915,38.45395474503856,4.250804348057974,60.72134213182758,0
187.32790253203854,93.53216952682554,46.76198434996403,3.074997505104892,23.281635606017534,0
214.34596055082147,100.28154908045481,32.052695562028305,4.656671228536114,57.493148642644,0
188.23636483318603,86.41453618201048,39.70887358386495,3.4887066324261564,51.16129338217518,0
168.9999922591783,106.0321507903392,46.416892576532504,5.548173096906374,50.13347967247353,0
197.45661130124284,94.99453732851332,42.396224210152255,4.1952104040471205,54.99017771681093,0
189.87875970967485,114.39457995885904,43.51931682552966,5.12818047222587,42.881450677478405,0
200.93037591703896,92.12501352014748,36.83524395508092,2.964868725590774,50.73667331793486,0
184.64399449672345,106.5638276184684,32.879591498422975,4.542361342147293,45.00577881665045,0
268.63693250413246,109.5637406316169,44.21143522699471,6.541263519106209,44.75605219710698,0
168.71382581299778,81.31950489956938,37.39524686730311,8.222670235616786,36.32599106172509,0
214.96970891295246,82.25280396525608,45.434918847734124,5.351424030826308,51.0053619831005,0
196.67393456114337,117.52669944737556,39.88986198689418,3.1737261372895422,57.056834713088605,0
195.25499162238805,96.6801418041497,34.248827762653875,4.792129540095529,61.577408359165275,0
232.8336757360314,118.81776879000157,36.79748136780338,4.970117646002439,65.78950141501335,0
217.2030702444946,115.99008006019324,46.53994041513384,5.164864362858832,61.69091016537476,0
193.78421268293874,118.45795206959293,43.86886034292137,5.563221292794475,33.9650308422589,0
183.00328152786489,128.02121528241116,40.793716888545305,5.102109202780278,48.51236337551188,0
187.73228019598747,103.20675731343403,39.68724225902306,3.645088871154105,41.73146198802289,0
189.04780880096573,104.57551998639002,48.67871122751102,2.9067947989941914,45.8323265701911,0
182.10301730521505,120.96647785680767,44.52938565272208,4.535669157772867,53.14967485950121,0
185.91161868192788,101.45465696409752,36.48483349571393,3.7248363762798813,36.06457247645399,0
211.79258028873366,111.3339060196442,35.91829488720989,4.93323508513978,52.799526410321725,0
247.83388333008264,92.33223694217334,36.98928714507445,2.949973821973182,44.420826967618304,0
144.19802327766024,103.92253673314832,30.335061427231434,7.288734797522942,52.5701357269933,0
207.15712746068564,107.53532862137641,48.84862269564682,3.506081568470976,65.35095136992928,0
178.61138312126593,102.16282726632065,44.39669329002015,6.967103072228618,53.946855352144034,0
192.89177054539473,82.04396754974493,39.32180304963867,4.263479198278208,54.685709892014444,0
228.72419594987258,110.89890857334225,36.43126697319542,5.924569339452361,43.56561219190563,0
194.17765207087484,134.4995589924661,46.48835197268463,2.9200571879266595,57.603130175221544,0
210.2969174969805,95.08221789197883,43.61248553469712,4.410058205663086,54.21574640421729,0
193.50592553549998,113.6750940898605,40.76242093985519,6.052756088068575,46.512641523267476,0
193.79691081742453,94.8115474949636,41.18127759503014,4.011949277666262,46.76114852543184,0
189.58178686069786,109.62852759843322,43.27625764820409,4.530105646567635,38.89255290378632,0
221.02579872386443,86.35097024919479,37.510181510142175,3.488828258831803,46.87253961830085,0
222.3808125118708,82.27564406114904,51.40012505557973,6.561642615124185,43.632142841408225,0
182.1188653559646,107.77787030314487,43.60483002348636,6.435603191074339,56.40970767996843,0
212.02037007554685,115.70969065306828,44.717830231314615,4.79821172608688,38.89760848937297,0
207.63770575431792,107.58457191021677,37.58992377176081,4.5949473632582665,45.02346744207084,0
226.30504807577603,69.3320631668045,26.62523933445315,5.123932372977258,46.901389170955255,0
188.01548503721727,59.47043964558858,45.337574113590456,7.1282282444883425,55.07080844434735,0
148.6223231809869,75.17167418811145,41.62509564136783,5.379861100854662,47.73035625268519,0
175.88843057759246,80.29871423732631,31.584058123473525,1.9404008459599789,48.2450818728561,0
166.10611322030974,115.86936866318604,36.99169928398275,5.16122569217491,51.03306919162091,0
191.30346596633817,117.31220350123526,35.290680567792585,5.836270766507459,48.31703039843269,0
216.22802682862934,102.87797143759391,37.16784372405828,7.910838855066707,41.26520304211108,0
229.55385275773105,92.05322267543465,35.358593600977,5.262819674199302,63.62462446043661,0
201.7742372404955,127.23305173627168,39.92896950642345,6.262284244835625,49.38856308431873,0
166.02182159732033,93.00930893525089,41.53857554388212,5.002570841180177,40.803883588520506,0
190.8879757697484,107.28011267444401,30.960325849874994,8.427453229765554,58.76152478712858,0
191.65598835694755,85.64533621444292,35.72487516842541,5.240485106098025,64.63010117376994,0
256.7751939451809,92.62396285493845,36.76982708766482,6.791383327688424,53.02872236816771,0
199.42711963935992,87.02183007771399,42.3329344553972,8.271291917611233,43.23938568680001,0
176.90693065780366,114.280826844138,38.25112437497471,5.457002255394691,62.23483661633834,0
229.37220315477973,94.42201058256168,40.34087650923442,6.284637497133933,48.29405093259098,0
204.483835495592,97.62347879812862,37.08828172941574,4.4419604865257485,45.844170136224434,0
194.4387871266984,68.5320998650882,36.81713793585731,5.327503610939694,54.85450416923989,0
199.48329010843096,93.35446531846856,38.36178766927578,7.025385620888215,45.228175705871436,0
200.4834734177417,115.94884739455458,43.75222522260854,2.6510328216064583,46.535585724451245,0
200.2906868842022,112.86572915733979,37.89848631652596,4.441734053132105,50.53846897859362,0
200.43393647273984,100.27294420667383,43.41318063390769,2.4944920926579095,42.953986112497,0
189.56488872660677,116.01238536794055,40.5506658119272,5.38619954172793,58.390026376400854,0
227.0221008247432,77.52938229302535,43.19089583977019,4.489631275661519,49.9549865520016,0
241.01760377899842,107.68407191828572,37.68586557087784,3.6467421380689866,50.35308266170753,0
167.50435998781944,78.69493002049705,43.543605163438706,6.078178630728403,52.73119212445578,0
191.25607710222752,96.90949544512189,35.88384329220893,3.6006276082036646,51.244712795133104,0
200.40129853203828,99.62624752142001,34.76929853165952,4.425436679796425,47.928101874959374,0
222.0036353844875,90.15597977102634,34.43073082483621,2.5883211130353723,37.096867187906156,0
194.8114501132526,104.8444147360911,52.926247271251654,4.983243563540995,41.20187367762299,0
206.18843507757572,93.92310719189597,38.561269414177595,5.878823108145919,53.902979176886745,0
170.94472444767501,103.81346174649397,50.77706641891457,7.108289322178222,48.23547577716623,1
168.21669863515405,72.62964718385642,43.84020403583399,7.690132644644083,37.57403810371615,0
178.9176935763576,92.30391089559855,41.9199311576062,4.443635743639581,45.22836955811964,0
185.51290231611205,134.12434414600907,43.8564427086593,6.094602876071641,43.27079156170847,0
173.8804006499989,109.10379738696783,47.6292790783892,7.0514961837877355,50.808274284141746,0
185.19712663775644,114.02437396855657,43.53536882294715,7.379353431190326,51.817765348651676,0
219.16816550622482,99.1957831260215,47.73255214064811,3.3027451615399555,49.60506959458326,0
183.74676544800548,77.2265382744197,35.03759788743445,5.432214990437345,62.72948716291849,0
181.71438095024493,105.13838079859327,46.50338559446978,5.703565889333486,54.57589719460783,0
196.3557593246975,102.53078258897685,44.77052672102144,7.240818439865846,50.33961124665168,0
162.6412161895961,119.58201137129328,41.937815955572546,4.469262710820164,67.6087153049788,0
165.1395087488267,110.19927827415789,41.057429418585436,4.044399440495328,56.24392975962034,0
241.3121009868643,108.48148190754893,48.94897779649513,4.197311487822805,46.73832769513458,1
221.66383631825977,81.1459065936764,43.39100496692349,5.373875252816934,67.42528274551674,0
206.86558566391892,98.67846985767206,49.47133659564689,6.513377995913473,53.454436970575806,0
229.5245730823214,119.92793495511359,50.80611823184759,4.488541231561324,50.445100488321245,0
198.74180553846358,97.30636473153936,39.48113361544284,5.56697308436313,46.53298241309127,0
182.93255110165478,90.31091497652345,38.94208567816629,5.80719044412596,48.80691116489935,0
183.0544980057412,125.52977679347538,39.15331197667977,7.018588536178888,43.802697801596324,1
213.06402675530455,101.44900834225727,42.122682881638106,4.944019333262766,68.0710534279454,0
187.1558145475916,120.61606403990436,40.620971411327396,1.033439346929192,59.27465250514489,0
223.95650508534314,117.31701211376773,38.07393971669615,7.754619840930707,55.242420071091836,0
184.57302274815032,99.99321777162241,37.29745326985912,2.8598414994953694,50.86985189349976,0
198.4189554682191,76.92893728467126,34.63742476333255,5.843213067023735,42.34016381860537,0
214.64747178483128,88.86981448628588,35.54079237206044,3.8377240872454874,58.82165159949543,0
193.79298057542147,104.75769049972581,41.82899339478789,4.555811549456266,51.360647201258914,0
211.10774489626448,109.55872142703937,40.87160137298719,3.1749653295266294,63.81958784360323,0
178.10558261882323,117.03624853369189,43.233498690196946,7.418278411117858,55.10550334732934,0
219.33446465829286,106.42177097544366,31.86486886391117,4.845165877891432,43.16693674299441,0
235.23400169533505,84.3119670028269,41.34269482538194,6.109979440197284,29.95987145100721,0
212.98440968725498,102.57103046104116,43.07155629855874,6.343956650637691,45.514149567924626,0
248.73433701793815,111.64616052975893,44.644026291332814,6.765953493234811,44.27966374170723,0
172.36320404226439,112.04876189376571,33.07677725322152,6.487553525180658,48.966369347744475,0
191.34131856839886,92.49712584108767,35.03497784450589,3.245244318512726,56.27411514156308,0
190.43575762083924,98.85490038207206,27.341457149863142,3.5990179618677196,41.95314929117819,0
209.4695101723505,110.82266018647233,35.67099881009524,5.31056253927121,47.21492927084278,0
195.487271388783,85.06645997842796,46.51379028942823,2.713158756234464,50.8102195405655,0
205.53060828695124,96.38668217870492,36.79471312503626,3.51724029242104,57.35512030399559,0
213.08386695399335,96.43680396909589,34.83531061601035,2.0096642001950165,46.06450979087191,0
200.8085032849501,96.29785757666096,42.833439380009224,4.649625504725385,56.369865815751666,0
199.26091825162737,112.44011298848613,33.714942928156496,5.395483278284086,40.657276286492134,0
203.93776420676545,109.26932558134068,31.77671923552053,4.721044424259373,64.8183667476242,0
171.75115193110813,111.83210273503626,49.65066347858784,5.266129142105771,37.18313494269914,0
211.91078427392694,83.95316866022517,39.10572885230706,4.335957072269805,57.44082947631169,0
196.3995915289577,98.68178493716829,43.87306011846044,6.92938469397861,18.27873878410076,0
213.48406155365493,106.34041597948409,40.82835510383545,4.053103907415437,56.69421773720764,0
197.9203283836025,124.01314834714172,44.504176878767765,6.175985662789128,30.79161915039095,0
156.07496611081282,112.96651493620196,48.05735076294599,5.867127615647771,51.972430744587086,0
198.75647594433016,111.10747316493551,36.47077217666153,4.59573673265507,45.93216119725601,0
232.21444995364973,82.03865192178759,34.440454844249984,4.764531856060245,42.72473236370991,0
177.86272137397577,95.41171285792362,26.987570345030285,4.296493175618739,29.485093700403628,0
195.4648509170178,109.4827497717557,38.451165389765194,2.923239420203929,48.44495761927977,0
224.7363695322007,68.03034739280132,44.402847504000576,2.4191534304276705,45.44025274565325,0
231.37407790238353,103.48568396809831,33.669903104000554,5.816808364252788,33.36637787489904,0
246.46743517650276,118.15828849311359,46.95406677252063,2.8662373126079044,32.67129831129384,0
213.1058355321659,91.00504810703012,42.40378976469962,5.0743389237165175,55.183684221186404,0
189.62128680235605,109.97642032116374,37.765539731979956,7.2653768879749405,50.34743032069358,0
201.5105926794167,112.33114153096764,43.055042824931576,7.700179825520944,57.01811505156269,0
206.39307776269106,91.14697866267647,50.33439104945766,3.681086027326622,51.57203526432863,0
196.2394189491487,76.71940372772629,44.75516255470467,5.473287770011264,52.11544498574603,0
162.4829006002405,115.7588085778891,49.59707966128745,7.2800912731259535,60.27008576995993,1
194.87150951653427,105.72221665826514,33.27077451855074,3.9689870456975487,60.84947670446869,0
210.2863059488928,125.35507857573575,35.3674713020515,3.134476485560228,44.97674524587015,0
166.581428921846,81.10998935838424,27.50626031214642,5.746432849159944,50.38393077897144,0
195.91807471454447,115.67352263906031,45.32218258737751,1.975296341632769,49.047056866107766,0
190.49415312218633,93.99456809347065,49.88715539490891,5.999544592692628,56.71058682623668,0
192.14512806269795,99.53997945215903,33.07708477384156,6.580650835692266,51.945079403771636,0
192.51070606075433,101.65916294962521,44.722646836503564,5.913941764744413,52.51542273286662,0
168.8757737748119,95.922568107136,45.398700806692105,5.3724007303512415,48.59238305963745,0
211.46800128247781,69.12573184352667,37.23453264192286,7.155769804720663,63.206361248594995,0
193.75983958160057,102.34057941526208,37.328349695329585,2.989464693778402,68.18105871584622,0
187.48658061517324,98.879796305489,39.67539835990666,2.897248241426517,42.08363354372581,0
196.7208362280009,93.09766535940504,37.97112164145066,2.3503095375847995,48.9729521927638,0
199.81070690075484,128.8848550576594,41.07319389303082,3.936645846444697,46.73258035992246,0
208.07149140516543,115.07444051132073,39.08046515008099,5.085705540234732,28.55048413781615,0
194.64035405833388,89.35962378513572,36.686997807265634,4.961865803208066,60.532989044385616,0
217.7783606032229,74.94621467546834,42.97996697952983,4.563680878407753,38.0350116580798,0
185.52782777718306,106.56671565439753,46.40876925591715,5.479696275337467,64.71810741218096,0
184.7757004508207,82.89895127115176,38.02527488577116,6.208366142281109,42.26815570781253,0
188.17917152153453,73.86631700964747,43.76539639785038,6.560795980345679,45.956240377637585,0
166.8732409659285,102.43302618146843,47.11847767999226,5.592029007213482,51.68945217284033,0
182.71397377204403,88.11850987754607,34.869882191540995,5.081261843698556,47.078143435557585,0
203.5810170483814,116.65396026604031,39.091757975013465,6.377220583456783,60.28601458571825,0
176.94320002535045,127.3159726877208,37.63814907035801,5.51516362755582,60.59807036889747,0
206.92788085564953,103.2347099439784,42.856577736589536,4.664238101263576,52.60788248702717,0
188.91038373928046,109.91427082425953,34.03045439469851,4.2886995324912744,50.522921993917684,0
200.32226157883173,79.45654644169348,44.013344828929576,3.9993878052330505,42.697738124157006,0
210.32109107906538,104.08947362572124,42.71026555096474,3.390777837725787,61.8485377027671,0
211.28221877572315,115.88177552259788,35.636006227721055,3.503394398597572,44.12207405443364,0
206.9121770381168,114.65101299798695,42.36482369543356,4.227488125802257,37.278601340379595,0
216.31568497969357,103.59680882527337,44.881802619353444,2.95471743123535,38.381412091948654,0
224.31804443048583,105.83935595566676,45.905686249737435,4.961025233009775,59.708753495086064,0
185.26949996527003,92.62028511161404,37.506042227547674,4.212653318894397,47.56985067794216,0
212.25695255881,114.52233271766788,41.079860273616696,5.203027098849267,49.70598843146038,0
227.88644495840788,88.24385963673747,33.0191323668936,4.489683753535523,60.3823645647767,0
171.73836819864113,70.22275569656523,37.52275334299165,6.1443555489889725,59.06637596728988,0
202.5255969221453,83.51219210417204,42.44289571476388,2.6763749915969743,54.55723027797354,0
206.04967772802078,104.55695359184969,36.445799712140314,6.656973995393555,40.66913481494852,0
207.37159806992486,94.74808848112887,39.1709720908501,6.0689903663325095,54.24904121634477,0
192.65162717127248,87.20831560229745,27.491590912751043,5.426830355971522,30.511708058799947,0
166.87279232676894,116.30190068833393,44.49563427130816,6.072470794615246,46.63512821952705,0
186.57431412017345,112.5673362599829,39.62892390768984,6.14421471849018,64.59841955903912,0
192.76870901347363,84.54862932116406,30.30803423776269,4.435528042621427,47.552460461001964,0
159.9510075741773,88.39273507307949,41.19992497711743,3.4290457605857974,45.174239806029746,0
202.88066949078936,99.87988682044251,43.57982600853917,7.029788648900694,41.91341368801057,0
179.45634684487095,72.95189340113421,39.7652086583069,5.724533126409677,42.764151875558376,0
169.72642002325043,111.3061880420878,44.29563110077851,4.238332190540898,53.66795081691485,0
208.774883974576,101.37424975643845,37.70288781568534,7.119631183071236,45.130079198363326,0
216.54515034827773,87.79921304421245,44.65815917319218,10.167882394467835,49.39593976659951,0
196.6183637961019,100.03856455882851,45.98970333812808,7.054679435576398,44.2200562336411,0
189.7613742468335,101.34417765153312,38.795864033250375,5.923586023594657,50.88080849120052,0
184.05660132534106,99.94847931633005,40.847841135927055,6.407087254929807,59.07317860789939,0
209.16186030912846,90.03959296595744,46.18831718062137,4.671602990996173,57.71167764575537,0
171.42602439398974,113.61549626649088,45.11458760023197,8.012808620961556,45.08754085722791,0
209.21602919800915,105.47807637440685,43.77957357800929,4.5547729073250105,35.59143049341134,0
171.33818786189298,125.87107965428424,42.95258981975377,4.999401081907058,62.642623761482696,0
193.68820907404944,99.73090306937372,38.66474927383375,4.480740964196029,42.55185935741186,0
202.0186889379722,103.2670260209754,49.225526408171774,4.57215351053637,57.17699706401963,0
204.39652241850368,114.08476195249823,45.48090083984257,4.308961319203009,52.85079522695961,0
194.01191975663338,98.48193798920867,34.64314969759748,6.151855265394473,36.260675418595866,0
142.35416360189876,104.99557302260492,45.30665296900175,4.494979072228399,44.07931746671577,0
174.9894473323946,105.83874810900208,37.44719677990726,4.98918252130771,40.43164194936956,0
202.91952925559806,85.99305355344339,32.33658901560494,3.909953207313017,45.98848409712246,0
220.5277224562295,88.9338515417539,41.41366943773696,4.208771667601322,46.2126845088921,0
201.13059101742695,112.61287597547829,43.288557578492274,5.7657199288081795,51.186592318273384,0
155.75441272626162,72.28705823837473,41.18455703560599,5.580772548195386,56.555219061992126,0
200.33606190240522,132.1615182326301,38.69279005574113,3.9157152643053244,49.8412465577013,0
175.80870158571526,77.81480141071093,41.58074114152703,3.863710913755591,58.278975897268,0
199.04458000468202,101.63128905773698,39.855760215368115,1.5331242252457535,54.816922849752636,0
189.6193749820845,102.88766153605037,31.254572427372104,4.55833306970002,37.353466991307165,0
188.70608606233822,82.62349102391113,41.74793689666888,3.1365027436798547,41.34717072615365,0
198.17079387454376,88.67370752855484,37.713727648594904,6.893695806004393,46.14697184962233,0
205.7370145054446,79.7278791322538,34.901921224039306,3.446467187334626,70.45007594551828,0
206.3840742726606,117.34085320962188,44.65883534950492,7.505993221315832,59.2228361295929,0
208.4309586132866,107.24930828601728,40.96478544362977,6.754129587643562,40.052800058923665,0
219.51149201320504,83.43630283473271,46.68416322502239,3.3550513959677235,48.624851880194335,0
173.67464763293106,105.60101656701093,36.33970097554258,3.2661480936210223,66.65609207984778,0
218.2166774032358,93.80869679917944,41.518746328686,3.6586179513908954,58.98851892962433,0
195.43056569011281,113.97764329748176,41.04096665162343,3.680958867319985,54.01872548448897,0
198.7672514026082,109.98360103866679,37.60959105445853,4.780007642356976,48.734344355182465,0
195.84827139298196,116.38220053040045,42.43033227452562,7.783936584936843,51.82027147854548,0
222.79439667294278,93.20019402168509,33.2367561865335,6.379782334778617,50.26931030909737,0
158.7258602726316,112.7961597064395,44.382934589854415,5.961826454893804,48.96841715371293,0
201.10158696789634,103.32612195440836,33.91641483465618,5.344249014012343,64.93406837580403,0
166.8903575813367,76.93550848769083,38.50338317549644,6.494236898258384,51.60439812451531,0
227.20087815880265,105.54955869616215,40.797842779751065,4.4453941644622805,69.6735957242386,0
190.30559660314384,92.37672359463785,38.95418326110041,4.319655314264921,64.59418442347928,0
192.33236190195186,91.63788190814427,43.355204887622115,6.9113270323090035,39.67659436490046,0
184.41676967618068,111.62285405990373,48.701758068862645,5.0927611125956584,43.31565564406197,0
206.0900203333118,109.96324749757467,44.662804962863696,0.576098445656223,70.93292518557438,0
250.64153387141477,92.5894730616329,39.292498370425555,4.6293608403043,43.850917969632896,0
190.80283826618714,90.54386532480643,46.92541025155317,5.75267432373945,56.327689520369354,0
184.36145796262892,96.04523641342443,36.74735432374766,5.857530829629738,62.823838716551336,0
212.92818547450594,88.17905531042848,38.81155815391681,6.181253368694885,62.90943293933472,0
180.41289897777804,116.96872405413328,49.69308972552224,2.5586497723826835,69.22596828699902,0
168.99879108154113,106.33363855186204,46.39722160249912,6.061763868832098,53.67231214271933,0
204.0875497541579,105.14379246731721,36.59498471940903,4.714044734935946,56.452306619084204,0
206.32563965439448,105.0326368776597,35.7061466531792,5.042101929336214,39.140359100708736,0
221.9024289739479,95.52588151990275,47.515836181382085,9.617564057386435,55.168952691859005,0
166.15900796257247,88.0757651475219,53.87512813315669,5.488279662133511,61.15121608138093,0
172.69140836172656,61.835030876673805,46.18862744713278,6.053607304111384,46.15411640573149,0
194.3259078140941,81.31980546652423,34.28224795160888,7.797704361873528,51.775508433461134,0
186.34689861882092,109.84987104904921,43.890462532122505,4.613239813115907,48.445798204368856,0
196.2603733258316,108.48089254348855,35.75053152246719,1.749876160382648,61.4810432431497,0
168.54066780668552,91.28657481142031,42.062841928334365,2.8891297299890075,41.77560055431675,0
225.4290171299319,111.97005240719211,36.845531219833425,6.879527519511212,55.65815341780544,0
185.32337963320361,118.59748621894545,40.442048729868326,3.6993932167445402,28.37054981548748,0
201.14726293703768,86.18561661606495,33.139284057617346,3.7678940392582554,53.63928536325288,0
156.07893051208998,88.96918928953532,37.55050422593301,6.8186447787528675,60.352679260391895,0
200.80970756591125,84.12498002042676,34.766146877243706,2.9804738478590993,39.75942131876665,0
194.81456256141175,75.8805433459859,42.048290901409885,6.122763480962913,62.89177960059104,0
197.28844845011773,80.52531505597995,38.79182623683246,8.424990788785516,14.782147042290376,0
215.28627387981805,106.5671420736524,40.62750382450348,3.3970264852369,47.73839966359237,0
226.1187239269284,87.58232891579956,43.15530102713532,5.435666885379737,61.31888537791577,0
198.78656848564748,83.15254193777494,42.7295452570056,8.558157064372102,52.086788951181354,0
226.34080018225075,86.11041309836521,39.126973945342606,5.320850389177038,48.74816524377108,0
190.18074836952687,82.74747685793787,37.10304062888589,6.1364640069102165,50.46727714985283,0
207.30635070702473,113.96863841700392,36.48399042658554,5.728675298854778,43.45830305623702,0
197.00282185439383,97.62883849319812,39.78128564173208,3.054551933910091,48.718195338973274,0
208.60057383466253,93.29070258433795,40.76827541831558,7.457204266935504,34.8457660063146,0
197.69869843653348,92.27393372657075,37.86945228809031,4.291874604749815,39.486320675840275,0
209.51343451739567,108.40189876916432,45.355504116410216,4.367533796741272,45.42467879057309,0
252.73628087990457,98.28861102081535,35.89185864769517,7.24970873087706,49.937026008441464,1
179.24546023273717,79.62757604257773,38.8347674342913,4.7423088291914555,44.960409294441156,0
205.31714577359213,97.3324008041013,38.42712781975435,1.382769616723432,61.27453091283387,0
193.89913792795065,81.67811773480585,35.1801669837076,6.930596987336127,50.01410181550382,0
197.063731425671,101.13263984858305,44.23056144747321,4.70407151211596,51.8185150018401,0
214.61342155890728,85.13658715273448,40.76886941074461,5.987839367406044,52.08064922188818,0
174.35223124742691,90.57326992018143,38.64905605455659,6.4880217307883905,71.38505105024353,0
207.1784987530649,94.7426159200303,43.83081642071662,2.76848916427886,62.40147635846813,0
196.87987815802646,104.05529096678282,35.89049208461627,6.540984202458749,51.38178436308358,0
168.0049502249127,107.10312482506616,37.91702813929023,3.3248998245350165,40.94101439483651,0
170.97865863336966,101.34803482832584,37.54062727680048,1.282585450373345,66.00486887288578,0
207.5127404304838,94.29163884718199,41.94313289465124,3.9137518371521933,54.222702832417205,0
207.3055722712794,113.85316725948992,43.98531430998679,5.542927721621711,68.54207985770591,0
191.94258195720616,80.19981404812123,43.70948688276943,1.024703084507704,49.1305867811983,0
225.0576293685142,108.91512696869088,42.17605169520354,4.0753704633670775,38.81045719659327,0
179.19383179775335,68.01805100232815,39.56496677845589,3.103568020139927,53.732488025179904,0
172.475371291334,99.53738510326347,45.82143776913305,4.233099551280357,63.6279660181751,0
184.35314982663073,103.48300896736404,35.40465490956987,5.336127030650637,48.55841197377558,0
199.30680604234996,81.47186966323655,45.45283176044804,5.802482750989445,52.615515798079926,0
211.75346585080433,100.50153930840008,37.008164673212846,5.837369707938835,42.63493211853825,0
217.0725155592259,118.45452966304586,40.659055595952,7.128169325069517,56.23138151981913,0
159.2202647643076,99.71891337830841,39.63689986890792,5.927315693835658,58.58498525472468,0
203.8467275184737,90.71355929495049,44.714875579745026,2.6191169690371012,55.89517205165861,0
172.20518019855015,108.59605786448292,39.0294917269685,5.668840809138479,41.643848934486975,0
205.10208329717105,105.40965125709924,38.70941205075504,6.359746970981044,36.00195600515128,0
207.35925918352027,85.45694214563063,39.02491013484259,6.285114603516816,58.714714600129284,0
201.90107080401083,77.26661365685155,42.66152826324631,5.793075716218848,58.11353621378291,0
161.77067711377617,137.60143500893864,44.871294631037706,3.237733546312178,52.58353828718609,0
209.13237694998097,91.88577317297656,48.950323688184454,5.267129582709938,48.177352355301316,0
208.36667510405394,102.92189057739975,39.39431086023132,5.122481964533305,49.165976939134794,0
217.48745878988365,99.97222080768516,39.70015025984082,1.732186673216006,35.572923147884566,0
185.80839961982704,79.08892912208199,44.50856068428171,2.5697294773559274,33.927676393705944,0
210.85206311641753,95.9538601218064,34.52974595737595,7.12228217182356,44.29323838648841,0
226.3277749867185,80.76704621706804,36.638636082976376,7.091186588782563,67.52011524066165,0
231.98051671040284,95.61088315922328,46.83047142132613,2.687775550878934,43.71348221002919,0
191.240235660855,83.57773387011501,42.81430043348361,4.90410373209986,53.96635090535445,0
222.43212714648416,134.88349353966078,44.38972421198943,4.742262936310763,50.0603825727848,0
192.2766748261191,105.84354151242346,43.5373224397829,3.937522146090438,67.99957228611996,0
190.27881550280182,105.59686065775466,35.22814009241219,6.836256234633492,58.29077973033847,0
204.18341397952372,91.32194075955402,40.03794216750629,3.9776603487858213,61.21261832398237,0
155.17253819642846,82.58226330819127,32.27915116286653,5.613012484262522,37.07602239019691,0
179.09769795527717,103.9730910495594,41.305380873658095,5.583007143351679,53.620278403069214,0
195.407346109061,103.12730094408683,39.13618167942986,2.7289883114248195,49.73746250690991,0
177.6215089613511,92.26854418942911,35.30719748790102,3.8552763507475913,47.20658835540074,0
212.1092065393277,103.7079537184507,40.339065468762634,7.0193503378753705,42.39617201924158,0
234.17063073489004,113.01215670266261,44.588594751831764,4.456339103296747,66.69923088319737,0
224.87062356297102,109.37102129308671,37.70609775488933,4.830267296272428,51.98961264673953,0
186.25854405665217,86.90247911393662,45.48659634707185,9.7834408030373,54.961384663160736,0
162.50589130717782,101.91591363770495,41.645951786005185,5.052494266815377,57.39046490670238,0
212.56858374885945,95.09688799398283,36.07203498667083,4.128437724169196,57.50640640417738,0
238.5825365308858,85.444588265817,41.43112181185104,2.6836511217827956,62.16103348361022,0
228.1202892471997,113.67144778648786,42.41396964017283,8.10848861220022,31.501668371255793,0
184.1867892034421,76.99513534988742,32.28491704385017,6.307474126055903,57.44804805670755,0
218.2944569041427,107.23784101710325,41.00406492951227,6.194830966961389,30.206108473743953,0
213.19420182032226,96.4338772367716,37.75642305804228,4.449806750884722,36.19517787143249,0
206.14662164128714,76.286211082009,41.82677596838715,3.9166025298518714,53.69371079191367,0
193.45680741460825,111.51532815194591,38.13924083098559,4.220408598417872,50.68533072011682,0
177.3806060412934,109.45641577357733,46.57580400427385,6.362167515310996,58.48831976647655,0
169.42429376979584,85.3608760017186,35.27554474775137,4.099049150774533,52.73556447320711,0
234.37784433123315,86.3201477104814,43.29599790546033,6.293153175068054,54.08994025862703,0
167.48728349298352,87.27475475897835,45.11581270997188,3.299633274075564,75.59622384222659,0
187.87523387569368,118.2788107322515,39.65775803710181,6.4523940916516,58.65742471585503,0
199.81391565628672,104.51179675023782,43.00942612987308,6.17333379534494,50.376932819051085,0
186.48153626619916,131.39308797766486,37.66737534251274,4.522648104568335,51.075567383373304,0
199.17780553365634,108.8270202450982,43.53409784210336,5.573521728813411,48.927771031195235,0
205.0297491809185,108.09350993511634,39.70588536486503,4.877711561591813,56.52501180164864,0
215.06888300280346,121.90973808246518,34.809470539811635,8.547397715444333,41.207577030062346,1
225.48396866266276,95.62527530989357,39.14560789593126,4.636408440413071,71.34912829773228,0
210.56200996640024,134.33466710448982,39.83871075186071,6.678694425320737,45.99745335792061,0
218.88224634876394,117.49682855810805,34.740429712347826,4.0485504737315345,69.93990301571283,0
191.5210718002498,115.21685479967373,34.85556947924474,6.5524762666498155,49.68464593584367,0
181.71442326414922,87.62325366565766,31.75561722978403,4.108004926048243,60.45115665029138,0
223.07690322060583,106.97709024332187,39.53631132930352,3.7651619127492904,61.898805011850726,0
205.29109090756262,86.64041086789126,34.56137457110299,7.784381522172214,45.194791664076384,0
211.69469774152557,118.55846745531204,42.25333754947159,3.6618699715253014,38.970046185328066,0
206.65982954470914,116.13192130994778,34.51553934222717,6.427325287969764,48.47143259035511,0
196.42158048473974,94.95943418044263,44.621459535017856,6.3733373169538705,57.642357075571326,0
191.1025171310542,84.02149181546604,38.2651285063405,3.888518644957749,53.10887056471794,0
251.27146944994757,109.3237282973862,43.11897441721518,4.9403265812070325,61.86096643284541,0
230.67359363679284,110.68982355716508,38.60210835975104,6.042973728936853,50.86200656128364,0
233.27182264108845,68.08870983572447,34.2054970477202,5.403402607273302,58.27103865484866,0
141.16435356239037,113.94185080025343,35.08087217354765,4.804644524161759,41.09910038241222,0
214.90523440507434,105.9395117411544,42.704316211332575,8.554270609213534,46.49663924030119,0
179.67951313267747,120.52637992368423,38.35315028312095,5.454915984402996,55.179171926327115,0
204.75327872810735,101.18099112021746,37.04140890760586,6.305230141241417,51.43459215894018,0
222.04800456007834,126.72176916480352,31.62105142002506,6.987526931236317,44.40067135427148,0
249.40607322874246,83.33445223162946,40.87205025783775,5.771277331408431,48.04293342958202,0
161.3824707727368,79.77533497068505,38.52102280791107,7.590282829279622,53.45801715822752,0
202.79080876707232,104.52464333999711,40.825338724213424,3.736065760293232,39.97989912255308,0
180.27947309340558,99.70991436514011,36.41669801802307,6.231716563569544,48.392472044592935,0
236.3027333152848,126.90997063651491,43.89484344166466,7.207364135260975,42.95291051506419,1
